{"cameraMode":{"drawMode":0,"name":"Shaded","section":"Shading Mode"},"sceneLighting":true,"audioPlay":false,"sceneViewState":{"m_AlwaysRefresh":true,"showFog":false,"showSkybox":true,"showFlares":true,"showImageEffects":false,"showParticleSystems":true,"showVisualEffectGraphs":true,"m_FxEnabled":true},"in2DMode":false,"pivot":{"x":-1.4074068069458008,"y":1.0250437259674073,"z":22.229835510253908},"rotation":{"x":0.08422316610813141,"y":-0.8493385314941406,"z":0.14273808896541596,"w":0.5011762380599976},"size":4.469358444213867,"orthographic":false}